sample,year,lambda_est,count
1,1999,10.230072218068297,13
1,2000,9.903502630408429,6
1,2001,9.587357963835098,10
1,2002,9.28130542869587,8
1,2003,8.985022858819072,8
1,2004,8.698198372386036,6
1,2005,8.420530043629094,11
1,2006,8.15172558500869,7
1,2007,7.891502039537437,5
1,2008,7.6395854829252405,9
1,2009,7.395710735233351,7
1,2010,7.1596210817320705,7
1,2011,6.9310680026703615,3
1,2012,6.709810911671842,6
2,1999,10.230072218068297,8
2,2000,9.903502630408429,16
2,2001,9.587357963835098,12
2,2002,9.28130542869587,6
2,2003,8.985022858819072,9
2,2004,8.698198372386036,9
2,2005,8.420530043629094,6
2,2006,8.15172558500869,8
2,2007,7.891502039537437,10
2,2008,7.6395854829252405,9
2,2009,7.395710735233351,2
2,2010,7.1596210817320705,7
2,2011,6.9310680026703615,8
2,2012,6.709810911671842,10
3,1999,10.230072218068297,9
3,2000,9.903502630408429,14
3,2001,9.587357963835098,19
3,2002,9.28130542869587,7
3,2003,8.985022858819072,5
3,2004,8.698198372386036,6
3,2005,8.420530043629094,10
3,2006,8.15172558500869,6
3,2007,7.891502039537437,11
3,2008,7.6395854829252405,3
3,2009,7.395710735233351,5
3,2010,7.1596210817320705,6
3,2011,6.9310680026703615,6
3,2012,6.709810911671842,7
